-- ============================================
-- Task Assistant Migration SQL
-- Generated automatically from CSV backups
-- ============================================

-- Truncate all tables
TRUNCATE TABLE pending_actions, reward_purchases, rewards, completions, task_instances, task_templates, shopping_items, personal_tasks, users, houses RESTART IDENTITY CASCADE;

-- ============================================
-- HOUSES (only house 81)
-- ============================================
INSERT INTO houses (id, name, join_code, timezone, last_summary_date) VALUES
(81, '\u0423\u044e\u0442\u043d\u043e\u0435 \u0433\u043d\u0435\u0437\u0434\u044b\u0448\u043a\u043e \u2615\ufe0f', 'KW4ISW', 'Europe/Moscow', '2026-06-21');

-- ============================================
-- USERS (only members of house 81)
-- ============================================
INSERT INTO users (id, telegram_id, username, full_name, display_name, house_id, is_house_owner, points, last_today_message_id) VALUES
(1, 680630275, 'Aleknovy', 'Al', 'Шурик', 81, TRUE, 0, 5417),
(3, 399998303, 'B_Zusin', 'Борис Зусин', 'Биба', 81, FALSE, 0, 5416);

-- ============================================
-- TASK TEMPLATES (house 81 only)
-- ============================================
INSERT INTO task_templates (id, house_id, title, points, periodicity, period_days, weekday, month_day, start_date, deleted) VALUES
(2023, 81, 'Стирка пледов', 3, 'every_x_days', 15, NULL, NULL, '2026-06-16', FALSE),
(2024, 81, 'Чистка посудомойки и стиралки', 4, 'every_x_days', 30, NULL, NULL, '2026-06-26', FALSE),
(2025, 81, 'Полотенца и сложить', 3, 'every_x_days', 15, NULL, NULL, '2026-06-14', FALSE),
(2026, 81, 'Кормление кошки', 1, 'every_x_days', 1, NULL, NULL, '2026-06-11', FALSE),
(2027, 81, 'Столы на кухне', 1, 'every_x_days', 1, NULL, NULL, '2026-06-06', FALSE),
(2028, 81, 'Мусор', 1, 'every_x_days', 1, NULL, NULL, '2026-05-29', FALSE),
(2029, 81, 'Помыть поилку', 4, 'every_x_days', 15, NULL, NULL, '2026-06-18', FALSE),
(2030, 81, 'Кошачий лоток', 6, 'every_x_days', 15, NULL, NULL, '2026-06-02', FALSE),
(2031, 81, 'Покормить Асю', 1, 'every_x_days', 1, NULL, NULL, '2026-06-14', FALSE),
(2032, 81, 'Полить цветы', 1, 'every_x_days', 4, NULL, NULL, '2026-06-18', FALSE),
(2033, 81, 'Стирка и сложить', 3, 'every_x_days', 4, NULL, NULL, '2026-06-16', FALSE),
(2034, 81, 'Окна, зеркала', 5, 'every_x_days', 7, NULL, NULL, '2026-06-30', FALSE),
(2035, 81, 'Чистка пылесоса', 5, 'every_x_days', 10, NULL, NULL, '2026-06-16', FALSE),
(2036, 81, 'Пыль везде', 5, 'every_x_days', 7, NULL, NULL, '2026-06-15', FALSE),
(2037, 81, 'Пылесос', 4, 'every_x_days', 2, NULL, NULL, '2026-06-17', FALSE),
(2038, 81, 'Разобрать вещи', 4, 'every_x_days', 7, NULL, NULL, '2026-06-14', FALSE),
(2039, 81, 'Поменять постель', 3, 'every_x_days', 7, NULL, NULL, '2026-05-31', FALSE),
(2040, 81, 'Груминг кошки', 6, 'every_x_days', 10, NULL, NULL, '2026-06-21', FALSE),
(2041, 81, 'Посудомойка', 3, 'every_x_days', 1, NULL, NULL, '2026-06-15', FALSE),
(2042, 81, 'Помыть холодильник', 8, 'every_x_days', 30, NULL, NULL, '2026-06-16', FALSE),
(2043, 81, 'Ванная комната', 8, 'every_x_days', 15, NULL, NULL, '2026-06-19', FALSE),
(2044, 81, 'Чистка аквариума', 8, 'every_x_days', 30, NULL, NULL, '2026-06-28', FALSE),
(2045, 81, 'Помыть пол', 8, 'every_x_days', 15, NULL, NULL, '2026-06-18', FALSE),
(2046, 81, 'Шкафы на кухне внутри', 10, 'every_x_days', 90, NULL, NULL, '2026-06-23', FALSE),
(2047, 81, 'Шкафы на кухне фасад', 6, 'every_x_days', 90, NULL, NULL, '2026-06-24', FALSE),
(2048, 81, 'Помыть вытяжку', 10, 'every_x_days', 90, NULL, NULL, '2026-06-26', FALSE),
(2049, 81, 'Протереть все двери', 6, 'every_x_days', 90, NULL, NULL, '2026-07-08', FALSE),
(2050, 81, 'Стирка штор', 6, 'every_x_days', 180, NULL, NULL, '2026-07-09', FALSE),
(2051, 81, 'Стирка одеял и наматрасников', 8, 'every_x_days', 180, NULL, NULL, '2026-06-30', FALSE),
(2052, 81, 'Шкафы в спальне', 10, 'every_x_days', 180, NULL, NULL, '2026-06-26', FALSE),
(2053, 81, 'Шкафы в прихожей', 10, 'every_x_days', 180, NULL, NULL, '2026-06-30', FALSE),
(2054, 81, 'Чистка радиаторов', 6, 'every_x_days', 180, NULL, NULL, '2026-06-09', FALSE),
(2055, 81, 'Помыть плафоны', 10, 'every_x_days', 365, NULL, NULL, '2026-06-16', FALSE),
(2056, 81, 'Готовка', 0, 'every_x_days', 1, NULL, NULL, '2026-05-30', FALSE),
(2057, 81, 'Чистка духовки', 3, 'every_x_days', 30, NULL, NULL, '2026-06-19', FALSE),
(2058, 81, 'Инструменты', 5, 'once', NULL, NULL, NULL, '2026-06-01', FALSE),
(2059, 81, 'Фильтры в ванной', 6, 'once', NULL, NULL, NULL, '2026-06-01', FALSE),
(2060, 81, 'Наполнить дозаторы', 3, 'every_x_days', 60, NULL, NULL, '2026-08-12', FALSE),
(2061, 81, 'Постирать ванный коври', 2, 'every_x_days', 30, NULL, NULL, '2026-06-05', FALSE),
(2062, 81, 'Глажка 5 шт', 5, 'every_x_days', 10, NULL, NULL, '2026-06-23', FALSE);
-- Migrated 40 templates

-- ============================================
-- TASK INSTANCES (house 81 templates only, last 90 days)
-- ============================================
INSERT INTO task_instances (id, template_id, date, status, priority, done_by_user_id, done_at) VALUES
(1275, 2026, '2026-05-29', 'done', 0, 1, '2026-05-29 16:10:05'),
(1276, 2027, '2026-05-29', 'done', 0, 1, '2026-05-29 16:10:07'),
(1277, 2028, '2026-05-29', 'done', 0, 3, '2026-05-29 16:10:51'),
(1278, 2033, '2026-06-10', 'rescheduled', 0, NULL, NULL),
(1279, 2034, '2026-06-10', 'rescheduled', 0, NULL, NULL),
(1280, 2035, '2026-05-29', 'skipped', 0, NULL, NULL),
(1281, 2037, '2026-05-29', 'done', 0, 1, '2026-05-29 16:11:18'),
(1282, 2038, '2026-06-10', 'rescheduled', 0, NULL, NULL),
(1283, 2041, '2026-05-29', 'done', 0, 1, '2026-05-29 16:11:12'),
(1284, 2043, '2026-06-10', 'rescheduled', 0, NULL, NULL),
(1285, 2054, '2026-05-29', 'skipped', 0, NULL, NULL),
(1286, 2056, '2026-05-29', 'skipped', 0, NULL, NULL),
(1287, 2025, '2026-05-29', 'done', 0, 1, '2026-05-29 16:12:00'),
(1288, 2033, '2026-06-01', 'done', 0, 1, '2026-06-01 13:14:02'),
(1289, 2057, '2026-06-10', 'rescheduled', 0, NULL, NULL),
(1290, 2057, '2026-06-28', 'free', 0, NULL, NULL),
(1291, 2034, '2026-05-30', 'done', 0, 3, '2026-05-30 20:11:27'),
(1292, 2035, '2026-05-30', 'skipped', 0, NULL, NULL),
(1293, 2038, '2026-05-30', 'done', 0, 3, '2026-05-30 20:49:31'),
(1295, 2054, '2026-05-30', 'skipped', 0, NULL, NULL),
(1296, 2026, '2026-05-30', 'done', 0, 1, '2026-05-30 09:52:34'),
(1297, 2027, '2026-05-30', 'done', 0, 1, '2026-05-30 09:52:32'),
(1298, 2028, '2026-05-30', 'done', 0, 1, '2026-05-30 09:52:30'),
(1299, 2031, '2026-06-10', 'rescheduled', 0, NULL, NULL),
(1300, 2037, '2026-05-30', 'done', 0, 1, '2026-05-30 09:52:25'),
(1301, 2041, '2026-05-30', 'done', 0, 1, '2026-05-30 09:52:27'),
(1302, 2056, '2026-05-30', 'done', 0, 1, '2026-05-30 13:12:34'),
(1303, 2031, '2026-05-31', 'done', 0, 1, '2026-05-31 08:32:27'),
(1304, 2035, '2026-05-31', 'done', 0, 1, '2026-05-31 15:44:44'),
(1305, 2054, '2026-06-03', 'skipped', 0, NULL, NULL),
(1306, 2040, '2026-05-30', 'skipped', 0, NULL, NULL),
(1307, 2056, '2026-05-30', 'skipped', 0, NULL, NULL),
(1309, 2040, '2026-05-31', 'skipped', 0, NULL, NULL),
(1310, 2026, '2026-05-31', 'done', 0, 1, '2026-05-31 09:21:57'),
(1311, 2027, '2026-05-31', 'done', 0, 1, '2026-05-31 07:53:03'),
(1312, 2028, '2026-05-31', 'done', 0, 3, '2026-05-31 16:52:19'),
(1313, 2029, '2026-06-10', 'rescheduled', 0, NULL, NULL),
(1314, 2032, '2026-06-10', 'rescheduled', 0, NULL, NULL),
(1315, 2037, '2026-05-31', 'done', 0, 1, '2026-05-31 16:03:25'),
(1316, 2041, '2026-05-31', 'done', 0, 1, '2026-05-31 07:53:09'),
(1317, 2045, '2026-06-10', 'rescheduled', 0, NULL, NULL),
(1318, 2056, '2026-05-31', 'done', 0, 1, '2026-05-31 15:46:27'),
(1319, 2032, '2026-06-03', 'done', 0, 1, '2026-06-03 16:00:14'),
(1321, 2039, '2026-05-31', 'done', 0, 1, '2026-05-31 09:24:48'),
(1322, 2033, '2026-05-31', 'done', 0, 1, '2026-05-31 08:32:24'),
(1323, 2040, '2026-06-01', 'skipped', 0, NULL, NULL),
(1324, 2056, '2026-05-31', 'skipped', 0, NULL, NULL),
(1325, 2035, '2026-05-31', 'skipped', 0, NULL, NULL),
(1328, 2029, '2026-06-01', 'done', 0, 1, '2026-06-01 13:13:58'),
(1329, 2035, '2026-06-01', 'done', 0, 1, '2026-06-01 09:29:18'),
(1330, 2026, '2026-06-01', 'done', 0, 1, '2026-06-01 19:43:35'),
(1331, 2027, '2026-06-01', 'done', 0, 1, '2026-06-01 09:29:29'),
(1332, 2028, '2026-06-01', 'done', 0, 1, '2026-06-01 13:13:57'),
(1333, 2041, '2026-06-01', 'done', 0, 1, '2026-06-01 09:29:32'),
(1334, 2056, '2026-06-01', 'done', 0, 1, '2026-06-01 19:43:30'),
(1335, 2037, '2026-06-01', 'done', 0, 1, '2026-06-01 13:14:00'),
(1336, 2035, '2026-06-07', 'skipped', 0, NULL, NULL),
(1337, 2036, '2026-06-01', 'done', 0, 1, '2026-06-01 13:15:16'),
(1338, 2040, '2026-06-02', 'done', 0, 1, '2026-06-02 16:46:42'),
(1340, 2058, '2026-06-10', 'skipped', 0, NULL, NULL),
(1341, 2058, '2026-06-02', 'done', 0, 1, '2026-06-02 20:22:08'),
(1342, 2059, '2026-06-10', 'rescheduled', 0, NULL, NULL),
(1343, 2056, '2026-06-01', 'skipped', 0, NULL, NULL),
(1347, 2026, '2026-06-02', 'done', 0, 1, '2026-06-02 12:28:18'),
(1348, 2027, '2026-06-02', 'done', 0, 1, '2026-06-02 12:27:54'),
(1349, 2028, '2026-06-02', 'skipped', 0, NULL, NULL),
(1350, 2056, '2026-06-02', 'skipped', 0, NULL, NULL),
(1351, 2041, '2026-06-02', 'skipped', 0, NULL, NULL),
(1352, 2037, '2026-06-02', 'done', 0, 1, '2026-06-02 12:28:13'),
(1353, 2047, '2026-06-02', 'skipped', 0, NULL, NULL),
(1354, 2047, '2026-06-04', 'skipped', 0, NULL, NULL),
(1355, 2045, '2026-06-03', 'done', 0, 1, '2026-06-03 16:00:47'),
(1357, 2030, '2026-06-02', 'done', 0, 1, '2026-06-02 12:17:38'),
(1358, 2026, '2026-06-03', 'done', 0, 1, '2026-06-03 10:26:06'),
(1359, 2027, '2026-06-03', 'done', 0, 1, '2026-06-03 10:25:53'),
(1360, 2028, '2026-06-03', 'skipped', 0, NULL, NULL),
(1362, 2056, '2026-06-03', 'done', 0, 1, '2026-06-03 16:00:23'),
(1363, 2041, '2026-06-03', 'done', 0, 1, '2026-06-02 21:02:54'),
(1364, 2037, '2026-06-03', 'done', 0, 1, '2026-06-03 10:26:02'),
(1366, 2056, '2026-06-03', 'skipped', 0, NULL, NULL),
(1367, 2043, '2026-06-04', 'done', 0, 3, '2026-06-04 16:43:20'),
(1368, 2054, '2026-06-04', 'skipped', 0, NULL, NULL),
(1370, 2026, '2026-06-04', 'skipped', 0, NULL, NULL),
(1371, 2027, '2026-06-04', 'done', 0, 1, '2026-06-04 14:13:11'),
(1372, 2028, '2026-06-04', 'done', 0, 3, '2026-06-04 16:43:16'),
(1373, 2056, '2026-06-04', 'skipped', 0, NULL, NULL),
(1374, 2041, '2026-06-04', 'done', 0, 1, '2026-06-04 14:13:14'),
(1375, 2037, '2026-06-04', 'done', 0, 1, '2026-06-04 14:13:15'),
(1376, 2047, '2026-06-05', 'skipped', 0, NULL, NULL),
(1377, 2031, '2026-06-06', 'done', 0, 3, '2026-06-06 18:15:55'),
(1378, 2054, '2026-06-05', 'skipped', 0, NULL, NULL),
(1379, 2026, '2026-06-05', 'skipped', 0, NULL, NULL),
(1380, 2027, '2026-06-05', 'done', 0, 1, '2026-06-05 19:45:31'),
(1381, 2028, '2026-06-05', 'skipped', 0, NULL, NULL),
(1382, 2056, '2026-06-05', 'skipped', 0, NULL, NULL),
(1383, 2023, '2026-06-05', 'done', 0, 1, '2026-06-05 19:45:34'),
(1385, 2041, '2026-06-05', 'skipped', 0, NULL, NULL),
(1386, 2037, '2026-06-05', 'skipped', 0, NULL, NULL),
(1387, 2025, '2026-06-10', 'rescheduled', 0, NULL, NULL),
(1389, 2025, '2026-06-06', 'done', 0, 1, '2026-06-06 11:17:25'),
(1391, 2054, '2026-06-06', 'skipped', 0, NULL, NULL),
(1392, 2047, '2026-06-06', 'skipped', 0, NULL, NULL),
(1393, 2060, '2026-06-05', 'rescheduled', 0, NULL, NULL),
(1394, 2061, '2026-06-05', 'done', 0, 1, '2026-06-05 10:39:08'),
(1395, 2060, '2026-06-10', 'rescheduled', 0, NULL, NULL),
(1396, 2026, '2026-06-06', 'done', 0, 1, '2026-06-06 10:18:52'),
(1397, 2027, '2026-06-06', 'done', 0, 1, '2026-06-06 10:18:41'),
(1398, 2028, '2026-06-06', 'done', 0, 3, '2026-06-06 16:21:44'),
(1399, 2056, '2026-06-06', 'done', 0, 1, '2026-06-06 10:19:46'),
(1400, 2041, '2026-06-06', 'done', 0, 1, '2026-06-06 10:18:55'),
(1401, 2042, '2026-06-06', 'skipped', 0, NULL, NULL),
(1402, 2037, '2026-06-06', 'done', 0, 1, '2026-06-06 10:19:09'),
(1405, 2033, '2026-06-07', 'done', 0, 1, '2026-06-07 12:22:27'),
(1407, 2047, '2026-06-08', 'skipped', 0, NULL, NULL),
(1408, 2056, '2026-06-06', 'done', 0, 3, '2026-06-06 16:21:41'),
(1409, 2042, '2026-06-07', 'skipped', 0, NULL, NULL),
(1410, 2054, '2026-06-07', 'skipped', 0, NULL, NULL),
(1411, 2056, '2026-06-06', 'skipped', 0, NULL, NULL),
(31052, 2026, '2026-06-07', 'skipped', 0, NULL, NULL),
(31053, 2028, '2026-06-07', 'done', 0, 1, '2026-06-07 10:54:45'),
(31054, 2056, '2026-06-07', 'skipped', 0, NULL, NULL),
(31055, 2032, '2026-06-07', 'done', 0, 1, '2026-06-07 10:54:47'),
(31056, 2039, '2026-06-07', 'done', 0, 1, '2026-06-07 12:12:42'),
(31057, 2037, '2026-06-07', 'done', 0, 1, '2026-06-07 12:22:23'),
(31058, 2041, '2026-06-07', 'skipped', 0, NULL, NULL),
(31059, 2027, '2026-06-07', 'skipped', 0, NULL, NULL),
(56189, 2038, '2026-06-07', 'rescheduled', 0, NULL, NULL),
(56190, 2038, '2026-06-09', 'rescheduled', 0, NULL, NULL),
(56192, 2059, '2026-06-09', 'rescheduled', 0, NULL, NULL),
(56196, 2054, '2026-06-09', 'skipped', 0, NULL, NULL),
(56197, 2042, '2026-06-09', 'skipped', 0, NULL, NULL),
(56198, 2062, '2026-06-10', 'rescheduled', 0, NULL, NULL),
(56239, 2035, '2026-06-08', 'skipped', 0, NULL, NULL),
(58600, 2026, '2026-06-08', 'done', 0, 1, '2026-06-08 19:31:18'),
(58601, 2028, '2026-06-08', 'skipped', 0, NULL, NULL),
(58602, 2056, '2026-06-08', 'done', 0, 1, '2026-06-08 19:31:11'),
(58603, 2036, '2026-06-10', 'rescheduled', 0, NULL, NULL),
(58604, 2037, '2026-06-08', 'done', 0, 1, '2026-06-08 19:31:37'),
(58605, 2041, '2026-06-08', 'done', 0, 1, '2026-06-08 19:31:35'),
(58606, 2027, '2026-06-08', 'done', 0, 1, '2026-06-08 19:31:22'),
(59570, 2056, '2026-06-08', 'done', 0, 1, '2026-06-08 19:48:21'),
(59571, 2060, '2026-06-10', 'rescheduled', 0, NULL, NULL),
(59572, 2059, '2026-06-10', 'rescheduled', 0, NULL, NULL),
(59573, 2056, '2026-06-08', 'skipped', 0, NULL, NULL),
(59574, 2038, '2026-06-10', 'rescheduled', 0, NULL, NULL),
(59575, 2062, '2026-06-09', 'done', 0, 1, '2026-06-09 18:30:23'),
(59576, 2035, '2026-06-09', 'skipped', 0, NULL, NULL),
(59577, 2060, '2026-06-09', 'rescheduled', 0, NULL, NULL),
(59578, 2047, '2026-06-09', 'rescheduled', 0, NULL, NULL),
(59579, 2036, '2026-06-09', 'done', 0, 1, '2026-06-09 18:30:19'),
(59580, 2026, '2026-06-09', 'done', 0, 1, '2026-06-09 08:39:51'),
(59581, 2028, '2026-06-09', 'skipped', 0, NULL, NULL),
(59582, 2056, '2026-06-09', 'done', 0, 1, '2026-06-09 13:57:57'),
(59583, 2037, '2026-06-09', 'done', 0, 1, '2026-06-08 21:24:14'),
(59584, 2051, '2026-06-09', 'rescheduled', 0, NULL, NULL),
(59585, 2040, '2026-06-09', 'rescheduled', 0, NULL, NULL),
(59586, 2031, '2026-06-09', 'rescheduled', 0, NULL, NULL),
(59587, 2041, '2026-06-09', 'done', 0, 1, '2026-06-09 08:39:47'),
(59588, 2027, '2026-06-09', 'done', 0, 1, '2026-06-08 21:24:03'),
(59589, 2047, '2026-06-10', 'skipped', 0, NULL, NULL),
(59590, 2059, '2026-06-11', 'rescheduled', 0, NULL, NULL),
(59591, 2060, '2026-06-11', 'rescheduled', 0, NULL, NULL),
(59592, 2038, '2026-06-14', 'rescheduled', 0, NULL, NULL),
(59593, 2051, '2026-06-30', 'free', 0, NULL, NULL),
(59594, 2040, '2026-06-10', 'rescheduled', 0, NULL, NULL),
(59595, 2031, '2026-06-10', 'done', 0, 1, '2026-06-10 10:48:31'),
(59596, 2056, '2026-06-09', 'skipped', 0, NULL, NULL),
(59597, 2026, '2026-06-10', 'rescheduled', 0, NULL, NULL),
(59598, 2028, '2026-06-10', 'done', 0, 1, '2026-06-10 08:16:09'),
(59599, 2056, '2026-06-10', 'done', 0, 1, '2026-06-10 20:46:28'),
(59600, 2035, '2026-06-10', 'skipped', 0, NULL, NULL),
(59601, 2037, '2026-06-10', 'skipped', 0, NULL, NULL),
(59602, 2041, '2026-06-10', 'done', 0, 1, '2026-06-10 14:05:01'),
(59603, 2054, '2026-06-10', 'skipped', 0, NULL, NULL),
(59604, 2042, '2026-06-10', 'skipped', 0, NULL, NULL),
(59605, 2027, '2026-06-10', 'done', 0, 1, '2026-06-10 13:56:27'),
(59664, 2038, '2026-06-12', 'rescheduled', 0, NULL, NULL),
(59665, 2059, '2026-06-12', 'rescheduled', 0, NULL, NULL),
(59666, 2026, '2026-06-11', 'done', 0, 1, '2026-06-11 10:27:32'),
(59667, 2031, '2026-06-11', 'rescheduled', 0, NULL, NULL),
(59668, 2055, '2026-06-10', 'rescheduled', 0, NULL, NULL),
(59669, 2046, '2026-06-10', 'rescheduled', 0, NULL, NULL),
(59670, 2052, '2026-06-10', 'rescheduled', 0, NULL, NULL),
(59671, 2044, '2026-06-10', 'rescheduled', 0, NULL, NULL),
(59672, 2032, '2026-06-15', 'rescheduled', 0, NULL, NULL),
(59673, 2057, '2026-06-29', 'free', 0, NULL, NULL),
(59674, 2046, '2026-06-12', 'rescheduled', 0, NULL, NULL),
(59675, 2052, '2026-06-19', 'rescheduled', 0, NULL, NULL),
(59676, 2045, '2026-06-18', 'skipped', 0, NULL, NULL),
(59677, 2043, '2026-06-19', 'skipped', 0, NULL, NULL),
(59678, 2044, '2026-06-28', 'free', 0, NULL, NULL),
(59679, 2040, '2026-06-11', 'rescheduled', 0, NULL, NULL),
(59680, 2062, '2026-06-23', 'free', 0, NULL, NULL),
(59681, 2055, '2026-06-16', 'skipped', 0, NULL, NULL),
(59682, 2036, '2026-06-15', 'skipped', 0, NULL, NULL),
(59683, 2034, '2026-06-16', 'rescheduled', 0, NULL, NULL),
(59684, 2029, '2026-06-30', 'free', 0, NULL, NULL),
(59685, 2060, '2026-06-12', 'rescheduled', 0, NULL, NULL),
(59686, 2033, '2026-06-13', 'done', 0, 1, '2026-06-13 14:33:54'),
(59687, 2025, '2026-06-14', 'done', 0, 1, '2026-06-13 21:18:41'),
(59688, 2038, '2026-06-14', 'rescheduled', 0, NULL, NULL),
(59689, 2060, '2026-06-13', 'rescheduled', 0, NULL, NULL),
(59690, 2059, '2026-06-13', 'rescheduled', 0, NULL, NULL),
(59691, 2038, '2026-06-12', 'rescheduled', 0, NULL, NULL),
(59692, 2028, '2026-06-11', 'done', 0, 3, '2026-06-11 10:17:05'),
(59693, 2056, '2026-06-11', 'skipped', 0, NULL, NULL),
(59694, 2037, '2026-06-11', 'skipped', 0, NULL, NULL),
(59695, 2041, '2026-06-11', 'done', 0, 1, '2026-06-11 17:16:59'),
(59696, 2054, '2026-06-11', 'done', 0, 3, '2026-06-11 10:17:32'),
(59697, 2042, '2026-06-11', 'rescheduled', 0, NULL, NULL),
(59698, 2027, '2026-06-11', 'done', 0, 3, '2026-06-11 10:20:07'),
(59699, 2047, '2026-06-11', 'rescheduled', 0, NULL, NULL),
(59700, 2035, '2026-06-11', 'rescheduled', 0, NULL, NULL),
(59729, 2056, '2026-06-10', 'skipped', 0, NULL, NULL),
(59730, 2031, '2026-06-12', 'done', 0, 3, '2026-06-12 14:18:21'),
(59731, 2040, '2026-06-13', 'skipped', 0, NULL, NULL),
(59732, 2035, '2026-06-13', 'skipped', 0, NULL, NULL),
(59733, 2042, '2026-06-16', 'done', 0, 1, '2026-06-16 06:20:30'),
(59734, 2047, '2026-06-13', 'skipped', 0, NULL, NULL),
(59735, 2028, '2026-06-12', 'done', 0, 1, '2026-06-12 14:17:34'),
(59736, 2056, '2026-06-12', 'done', 0, 3, '2026-06-12 14:18:25'),
(59737, 2037, '2026-06-12', 'done', 0, 1, '2026-06-12 14:17:44'),
(59738, 2041, '2026-06-12', 'done', 0, 1, '2026-06-12 14:17:41'),
(59739, 2026, '2026-06-12', 'skipped', 0, NULL, NULL),
(59740, 2027, '2026-06-12', 'done', 0, 1, '2026-06-12 14:17:39'),
(59764, 2038, '2026-06-14', 'skipped', 0, NULL, NULL),
(59765, 2046, '2026-06-14', 'rescheduled', 0, NULL, NULL),
(59766, 2056, '2026-06-12', 'skipped', 0, NULL, NULL),
(59767, 2041, '2026-06-12', 'done', 0, 1, '2026-06-12 18:47:46'),
(59768, 2060, '2026-06-12', 'done', 0, 1, '2026-06-12 18:47:44'),
(59769, 2028, '2026-06-13', 'done', 0, 1, '2026-06-13 14:32:33'),
(59770, 2056, '2026-06-13', 'done', 0, 3, '2026-06-13 20:46:46'),
(59771, 2037, '2026-06-13', 'done', 0, 1, '2026-06-13 14:33:57'),
(59772, 2041, '2026-06-13', 'done', 0, 1, '2026-06-13 14:33:52'),
(59773, 2026, '2026-06-13', 'done', 0, 1, '2026-06-13 14:33:49'),
(59774, 2027, '2026-06-13', 'done', 0, 1, '2026-06-13 14:33:51'),
(59797, 2060, '2026-08-12', 'free', 0, NULL, NULL),
(59798, 2059, '2026-06-15', 'rescheduled', 0, NULL, NULL),
(59799, 2059, '2026-06-14', 'rescheduled', 0, NULL, NULL),
(59800, 2028, '2026-06-14', 'skipped', 0, NULL, NULL),
(59801, 2056, '2026-06-14', 'skipped', 0, NULL, NULL),
(59802, 2039, '2026-06-14', 'done', 0, 1, '2026-06-13 21:17:28'),
(59803, 2037, '2026-06-14', 'skipped', 0, NULL, NULL),
(59804, 2041, '2026-06-14', 'skipped', 0, NULL, NULL),
(59805, 2026, '2026-06-14', 'skipped', 0, NULL, NULL),
(59806, 2047, '2026-06-14', 'rescheduled', 0, NULL, NULL),
(59807, 2027, '2026-06-14', 'skipped', 0, NULL, NULL),
(59808, 2035, '2026-06-14', 'rescheduled', 0, NULL, NULL),
(59809, 2040, '2026-06-14', 'rescheduled', 0, NULL, NULL),
(59853, 2056, '2026-06-13', 'done', 0, 1, '2026-06-13 20:47:10'),
(59854, 2056, '2026-06-13', 'skipped', 0, NULL, NULL),
(59855, 2033, '2026-06-14', 'done', 0, 1, '2026-06-13 21:18:39'),
(59856, 2059, '2026-06-16', 'rescheduled', 0, NULL, NULL),
(59860, 2031, '2026-06-14', 'done', 0, 1, '2026-06-14 13:01:59'),
(59861, 2046, '2026-06-15', 'skipped', 0, NULL, NULL),
(59862, 2047, '2026-06-15', 'skipped', 0, NULL, NULL),
(59863, 2040, '2026-06-16', 'skipped', 0, NULL, NULL),
(59864, 2035, '2026-06-16', 'skipped', 0, NULL, NULL),
(59865, 2028, '2026-06-15', 'done', 0, 1, '2026-06-15 13:04:38'),
(59866, 2056, '2026-06-15', 'done', 0, 1, '2026-06-15 09:44:47'),
(59867, 2037, '2026-06-15', 'done', 0, 1, '2026-06-15 13:04:43'),
(59868, 2041, '2026-06-15', 'done', 0, 1, '2026-06-15 13:04:41'),
(59869, 2026, '2026-06-15', 'done', 0, 1, '2026-06-15 09:44:32'),
(59870, 2031, '2026-06-15', 'done', 0, 1, '2026-06-15 16:48:21'),
(59871, 2027, '2026-06-15', 'done', 0, 1, '2026-06-15 13:04:40'),
(59872, 2038, '2026-06-15', 'done', 0, 1, '2026-06-15 09:44:28'),
(59934, 2032, '2026-06-18', 'done', 0, 1, '2026-06-18 13:38:48'),
(59935, 2056, '2026-06-15', 'done', 0, 1, '2026-06-15 16:48:19'),
(59936, 2059, '2026-06-17', 'done', 0, 1, '2026-06-17 14:09:53'),
(59937, 2056, '2026-06-15', 'skipped', 0, NULL, NULL),
(59938, 2041, '2026-06-15', 'done', 0, 1, '2026-06-15 20:45:53'),
(59939, 2028, '2026-06-16', 'done', 0, 3, '2026-06-16 13:32:17'),
(59940, 2056, '2026-06-16', 'skipped', 0, NULL, NULL),
(59941, 2037, '2026-06-16', 'rescheduled', 0, NULL, NULL),
(59942, 2026, '2026-06-16', 'done', 0, 3, '2026-06-16 13:32:29'),
(59943, 2031, '2026-06-16', 'done', 0, 1, '2026-06-16 13:30:54'),
(59944, 2027, '2026-06-16', 'done', 0, 1, '2026-06-16 13:32:13'),
(59945, 2041, '2026-06-16', 'done', 0, 1, '2026-06-16 13:32:11'),
(59946, 2036, '2026-06-16', 'skipped', 0, NULL, NULL),
(59947, 2047, '2026-06-16', 'skipped', 0, NULL, NULL),
(59948, 2046, '2026-06-16', 'skipped', 0, NULL, NULL),
(60010, 2023, '2026-06-16', 'done', 0, 1, '2026-06-16 06:19:33'),
(60011, 2033, '2026-06-16', 'done', 0, 1, '2026-06-16 06:19:36'),
(60012, 2059, '2026-06-18', 'rescheduled', 0, NULL, NULL),
(60013, 2034, '2026-06-30', 'free', 0, NULL, NULL),
(60014, 2037, '2026-06-17', 'done', 0, 1, '2026-06-17 18:07:27'),
(60015, 2028, '2026-06-17', 'done', 0, 1, '2026-06-17 18:07:23'),
(60016, 2056, '2026-06-17', 'skipped', 0, NULL, NULL),
(60017, 2030, '2026-06-17', 'done', 0, 1, '2026-06-17 14:09:55'),
(60018, 2026, '2026-06-17', 'done', 0, 1, '2026-06-17 18:07:25'),
(60019, 2031, '2026-06-17', 'done', 0, 1, '2026-06-17 14:09:45'),
(60020, 2027, '2026-06-17', 'done', 0, 1, '2026-06-17 14:09:49'),
(60021, 2040, '2026-06-17', 'skipped', 0, NULL, NULL),
(60022, 2041, '2026-06-17', 'done', 0, 1, '2026-06-17 14:09:47'),
(60023, 2036, '2026-06-17', 'skipped', 0, NULL, NULL),
(60024, 2035, '2026-06-17', 'skipped', 0, NULL, NULL),
(60025, 2047, '2026-06-17', 'skipped', 0, NULL, NULL),
(60026, 2055, '2026-06-17', 'skipped', 0, NULL, NULL),
(60027, 2046, '2026-06-17', 'skipped', 0, NULL, NULL),
(60089, 2028, '2026-06-18', 'done', 0, 3, '2026-06-18 14:06:34'),
(60090, 2056, '2026-06-18', 'done', 0, 3, '2026-06-18 14:06:12'),
(60091, 2026, '2026-06-18', 'done', 0, 1, '2026-06-18 11:14:24'),
(60092, 2031, '2026-06-18', 'done', 0, 1, '2026-06-18 12:36:34'),
(60093, 2027, '2026-06-18', 'done', 0, 3, '2026-06-18 14:06:35'),
(60094, 2040, '2026-06-18', 'skipped', 0, NULL, NULL),
(60095, 2041, '2026-06-18', 'done', 0, 3, '2026-06-18 14:06:07'),
(60096, 2036, '2026-06-18', 'done', 0, 1, '2026-06-18 13:56:15'),
(60097, 2035, '2026-06-18', 'done', 0, 1, '2026-06-18 17:34:02'),
(60098, 2047, '2026-06-18', 'skipped', 0, NULL, NULL),
(60099, 2055, '2026-06-18', 'skipped', 0, NULL, NULL),
(60100, 2046, '2026-06-18', 'skipped', 0, NULL, NULL),
(60162, 2059, '2026-06-19', 'done', 0, 1, '2026-06-19 07:40:40'),
(60163, 2029, '2026-06-18', 'done', 0, 1, '2026-06-18 13:57:11'),
(60164, 2056, '2026-06-18', 'done', 0, 1, '2026-06-18 17:34:09'),
(60165, 2056, '2026-06-18', 'skipped', 0, NULL, NULL),
(60166, 2028, '2026-06-19', 'done', 0, 1, '2026-06-19 07:38:38'),
(60167, 2056, '2026-06-19', 'done', 0, 3, '2026-06-19 12:30:04'),
(60168, 2026, '2026-06-19', 'done', 0, 1, '2026-06-19 07:40:31'),
(60169, 2031, '2026-06-19', 'done', 0, 1, '2026-06-19 07:40:33'),
(60170, 2027, '2026-06-19', 'done', 0, 1, '2026-06-19 07:40:35'),
(60171, 2040, '2026-06-19', 'rescheduled', 0, NULL, NULL),
(60172, 2041, '2026-06-19', 'done', 0, 1, '2026-06-19 16:14:33'),
(60173, 2045, '2026-06-19', 'done', 0, 3, '2026-06-19 12:29:24'),
(60174, 2047, '2026-06-19', 'rescheduled', 0, NULL, NULL),
(60175, 2037, '2026-06-19', 'done', 0, 1, '2026-06-19 07:40:38'),
(60176, 2055, '2026-06-19', 'skipped', 0, NULL, NULL),
(60177, 2046, '2026-06-19', 'rescheduled', 0, NULL, NULL),
(60239, 2046, '2026-06-23', 'free', 0, NULL, NULL),
(60240, 2047, '2026-06-24', 'free', 0, NULL, NULL),
(60241, 2052, '2026-06-26', 'free', 0, NULL, NULL),
(60242, 2057, '2026-06-19', 'done', 0, 1, '2026-06-19 09:17:24'),
(60243, 2056, '2026-06-19', 'skipped', 0, NULL, NULL),
(60244, 2040, '2026-06-20', 'skipped', 0, NULL, NULL),
(60245, 2040, '2026-06-19', 'rescheduled', 0, NULL, NULL),
(60246, 2040, '2026-06-21', 'free', 0, NULL, NULL),
(60247, 2028, '2026-06-20', 'done', 0, 1, '2026-06-20 14:41:28'),
(60248, 2056, '2026-06-20', 'skipped', 0, NULL, NULL),
(60249, 2026, '2026-06-20', 'skipped', 0, NULL, NULL),
(60250, 2031, '2026-06-20', 'done', 0, 1, '2026-06-20 14:37:51'),
(60251, 2027, '2026-06-20', 'done', 0, 1, '2026-06-20 14:37:52'),
(60252, 2033, '2026-06-20', 'skipped', 0, NULL, NULL),
(60253, 2041, '2026-06-20', 'done', 0, 1, '2026-06-20 14:37:54'),
(60254, 2043, '2026-06-20', 'skipped', 0, NULL, NULL),
(60255, 2055, '2026-06-20', 'skipped', 0, NULL, NULL),
(60317, 2028, '2026-06-21', 'free', 0, NULL, NULL),
(60318, 2056, '2026-06-21', 'free', 0, NULL, NULL),
(60319, 2039, '2026-06-21', 'free', 0, NULL, NULL),
(60320, 2026, '2026-06-21', 'free', 0, NULL, NULL),
(60321, 2031, '2026-06-21', 'free', 0, NULL, NULL),
(60322, 2027, '2026-06-21', 'free', 0, NULL, NULL),
(60323, 2033, '2026-06-21', 'free', 0, NULL, NULL),
(60324, 2041, '2026-06-21', 'free', 0, NULL, NULL),
(60325, 2043, '2026-06-21', 'free', 0, NULL, NULL),
(60326, 2037, '2026-06-21', 'free', 0, NULL, NULL),
(60327, 2055, '2026-06-21', 'free', 0, NULL, NULL);
-- Migrated 355 instances

-- ============================================
-- COMPLETIONS (house 81 only, matching instances)
-- ============================================
INSERT INTO completions (id, user_id, task_instance_id, points, created_at) VALUES
(193, 1, 1275, 1, '2026-05-29 16:10:05'),
(194, 1, 1276, 1, '2026-05-29 16:10:07'),
(196, 3, 1277, 1, '2026-05-29 16:10:51'),
(197, 1, 1283, 2, '2026-05-29 16:11:12'),
(198, 1, 1281, 3, '2026-05-29 16:11:18'),
(199, 1, 1287, 2, '2026-05-29 16:12:00'),
(200, 1, 1300, 3, '2026-05-30 09:52:25'),
(201, 1, 1301, 2, '2026-05-30 09:52:27'),
(202, 1, 1298, 1, '2026-05-30 09:52:30'),
(203, 1, 1297, 1, '2026-05-30 09:52:32'),
(204, 1, 1296, 1, '2026-05-30 09:52:34'),
(205, 1, 1302, 5, '2026-05-30 13:12:34'),
(206, 3, 1291, 4, '2026-05-30 20:11:27'),
(207, 3, 1293, 3, '2026-05-30 20:49:31'),
(208, 1, 1311, 1, '2026-05-31 07:53:03'),
(209, 1, 1316, 2, '2026-05-31 07:53:09'),
(211, 1, 1322, 3, '2026-05-31 08:32:24'),
(212, 1, 1303, 1, '2026-05-31 08:32:27'),
(213, 1, 1310, 1, '2026-05-31 09:21:57'),
(214, 1, 1321, 3, '2026-05-31 09:24:48'),
(215, 1, 1304, 3, '2026-05-31 15:44:44'),
(216, 1, 1318, 5, '2026-05-31 15:46:27'),
(217, 1, 1315, 4, '2026-05-31 16:03:25'),
(218, 3, 1312, 1, '2026-05-31 16:52:19'),
(219, 1, 1329, 6, '2026-06-01 09:29:18'),
(220, 1, 1331, 1, '2026-06-01 09:29:29'),
(221, 1, 1333, 2, '2026-06-01 09:29:32'),
(222, 1, 1332, 1, '2026-06-01 13:13:57'),
(223, 1, 1328, 2, '2026-06-01 13:13:58'),
(224, 1, 1335, 4, '2026-06-01 13:14:00'),
(225, 1, 1288, 3, '2026-06-01 13:14:02'),
(226, 1, 1337, 6, '2026-06-01 13:15:16'),
(227, 1, 1334, 5, '2026-06-01 19:43:31'),
(228, 1, 1330, 1, '2026-06-01 19:43:35'),
(229, 1, 1357, 6, '2026-06-02 12:17:38'),
(230, 1, 1348, 1, '2026-06-02 12:27:54'),
(231, 1, 1352, 4, '2026-06-02 12:28:13'),
(233, 1, 1347, 1, '2026-06-02 12:28:18'),
(234, 1, 1338, 6, '2026-06-02 16:46:42'),
(235, 1, 1341, 5, '2026-06-02 20:22:08'),
(236, 1, 1363, 3, '2026-06-02 21:02:54'),
(237, 1, 1359, 1, '2026-06-03 10:25:53'),
(238, 1, 1364, 4, '2026-06-03 10:26:02'),
(239, 1, 1358, 1, '2026-06-03 10:26:06'),
(240, 1, 1319, 1, '2026-06-03 16:00:14'),
(241, 1, 1362, 5, '2026-06-03 16:00:23'),
(242, 1, 1355, 8, '2026-06-03 16:00:47'),
(243, 1, 1371, 1, '2026-06-04 14:13:11'),
(244, 1, 1374, 3, '2026-06-04 14:13:14'),
(245, 1, 1375, 4, '2026-06-04 14:13:15'),
(246, 3, 1372, 1, '2026-06-04 16:43:16'),
(247, 3, 1367, 8, '2026-06-04 16:43:20'),
(248, 1, 1394, 2, '2026-06-05 10:39:08'),
(249, 1, 1380, 1, '2026-06-05 19:45:31'),
(250, 1, 1383, 3, '2026-06-05 19:45:34'),
(251, 1, 1397, 1, '2026-06-06 10:18:41'),
(252, 1, 1396, 1, '2026-06-06 10:18:52'),
(253, 1, 1400, 3, '2026-06-06 10:18:55'),
(254, 1, 1402, 4, '2026-06-06 10:19:09'),
(255, 1, 1399, 2, '2026-06-06 10:19:46'),
(256, 1, 1389, 3, '2026-06-06 11:17:25'),
(257, 3, 1408, 5, '2026-06-06 16:21:41'),
(258, 3, 1398, 1, '2026-06-06 16:21:44'),
(259, 3, 1377, 1, '2026-06-06 18:15:55'),
(261, 1, 31053, 1, '2026-06-07 10:54:45'),
(262, 1, 31055, 1, '2026-06-07 10:54:47'),
(266, 1, 31056, 3, '2026-06-07 12:12:42'),
(267, 1, 31057, 4, '2026-06-07 12:22:23'),
(268, 1, 1405, 3, '2026-06-07 12:22:27'),
(269, 1, 58602, 5, '2026-06-08 19:31:12'),
(270, 1, 58600, 1, '2026-06-08 19:31:18'),
(271, 1, 58606, 1, '2026-06-08 19:31:22'),
(272, 1, 58605, 3, '2026-06-08 19:31:35'),
(273, 1, 58604, 4, '2026-06-08 19:31:37'),
(274, 1, 59570, 5, '2026-06-08 19:48:21'),
(276, 1, 59588, 1, '2026-06-08 21:24:03'),
(277, 1, 59583, 4, '2026-06-08 21:24:14'),
(278, 1, 59587, 3, '2026-06-09 08:39:47'),
(279, 1, 59580, 1, '2026-06-09 08:39:51'),
(283, 1, 59582, 5, '2026-06-09 13:57:57'),
(284, 1, 59579, 5, '2026-06-09 18:30:19'),
(285, 1, 59575, 5, '2026-06-09 18:30:23'),
(286, 1, 59598, 1, '2026-06-10 08:16:09'),
(287, 1, 59595, 1, '2026-06-10 10:48:31'),
(288, 1, 59605, 1, '2026-06-10 13:56:27'),
(289, 1, 59602, 3, '2026-06-10 14:05:01'),
(290, 1, 59599, 8, '2026-06-10 20:46:28'),
(291, 3, 59692, 1, '2026-06-11 10:17:05'),
(292, 3, 59696, 6, '2026-06-11 10:17:32'),
(293, 3, 59698, 1, '2026-06-11 10:20:07'),
(294, 1, 59666, 1, '2026-06-11 10:27:32'),
(298, 1, 59695, 3, '2026-06-11 17:16:59'),
(299, 1, 59735, 1, '2026-06-12 14:17:34'),
(300, 1, 59740, 1, '2026-06-12 14:17:39'),
(301, 1, 59738, 3, '2026-06-12 14:17:41'),
(302, 1, 59737, 4, '2026-06-12 14:17:44'),
(303, 3, 59730, 1, '2026-06-12 14:18:21'),
(304, 3, 59736, 5, '2026-06-12 14:18:25'),
(305, 1, 59768, 3, '2026-06-12 18:47:44'),
(306, 1, 59767, 3, '2026-06-12 18:47:46'),
(307, 1, 59769, 1, '2026-06-13 14:32:33'),
(308, 1, 59773, 1, '2026-06-13 14:33:49'),
(309, 1, 59774, 1, '2026-06-13 14:33:51'),
(310, 1, 59772, 3, '2026-06-13 14:33:52'),
(311, 1, 59686, 3, '2026-06-13 14:33:54'),
(312, 1, 59771, 4, '2026-06-13 14:33:57'),
(313, 3, 59770, 5, '2026-06-13 20:46:46'),
(314, 1, 59853, 5, '2026-06-13 20:47:10'),
(315, 1, 59802, 3, '2026-06-13 21:17:28'),
(316, 1, 59855, 3, '2026-06-13 21:18:39'),
(317, 1, 59687, 3, '2026-06-13 21:18:41'),
(318, 1, 59860, 1, '2026-06-14 13:01:59'),
(319, 1, 59872, 4, '2026-06-15 09:44:28'),
(320, 1, 59869, 1, '2026-06-15 09:44:32'),
(321, 1, 59866, 2, '2026-06-15 09:44:47'),
(322, 1, 59865, 1, '2026-06-15 13:04:38'),
(323, 1, 59871, 1, '2026-06-15 13:04:40'),
(324, 1, 59868, 3, '2026-06-15 13:04:41'),
(325, 1, 59867, 4, '2026-06-15 13:04:43'),
(326, 1, 59935, 8, '2026-06-15 16:48:19'),
(327, 1, 59870, 1, '2026-06-15 16:48:21'),
(328, 1, 59938, 3, '2026-06-15 20:45:53'),
(329, 1, 60010, 3, '2026-06-16 06:19:33'),
(330, 1, 60011, 3, '2026-06-16 06:19:36'),
(331, 1, 59733, 8, '2026-06-16 06:20:30'),
(332, 1, 59943, 1, '2026-06-16 13:30:54'),
(333, 1, 59945, 3, '2026-06-16 13:32:11'),
(334, 1, 59944, 1, '2026-06-16 13:32:13'),
(335, 3, 59939, 1, '2026-06-16 13:32:17'),
(336, 3, 59942, 1, '2026-06-16 13:32:29'),
(337, 1, 60019, 1, '2026-06-17 14:09:45'),
(338, 1, 60022, 3, '2026-06-17 14:09:47'),
(339, 1, 60020, 1, '2026-06-17 14:09:49'),
(340, 1, 59936, 6, '2026-06-17 14:09:53'),
(341, 1, 60017, 6, '2026-06-17 14:09:55'),
(342, 1, 60015, 1, '2026-06-17 18:07:23'),
(343, 1, 60018, 1, '2026-06-17 18:07:25'),
(344, 1, 60014, 4, '2026-06-17 18:07:27'),
(345, 1, 60091, 1, '2026-06-18 11:14:24'),
(346, 1, 60092, 1, '2026-06-18 12:36:34'),
(347, 1, 59934, 1, '2026-06-18 13:38:48'),
(348, 1, 60096, 5, '2026-06-18 13:56:15'),
(349, 1, 60163, 4, '2026-06-18 13:57:11'),
(350, 3, 60095, 3, '2026-06-18 14:06:07'),
(351, 3, 60090, 5, '2026-06-18 14:06:12'),
(352, 3, 60089, 1, '2026-06-18 14:06:34'),
(353, 3, 60093, 1, '2026-06-18 14:06:35'),
(354, 1, 60097, 5, '2026-06-18 17:34:02'),
(355, 1, 60164, 2, '2026-06-18 17:34:09'),
(356, 1, 60166, 1, '2026-06-19 07:38:38'),
(357, 1, 60168, 1, '2026-06-19 07:40:31'),
(358, 1, 60169, 1, '2026-06-19 07:40:33'),
(359, 1, 60170, 1, '2026-06-19 07:40:35'),
(361, 1, 60175, 4, '2026-06-19 07:40:38'),
(362, 1, 60162, 6, '2026-06-19 07:40:40'),
(364, 1, 60242, 3, '2026-06-19 09:17:24'),
(365, 3, 60173, 8, '2026-06-19 12:29:24'),
(366, 3, 60167, 2, '2026-06-19 12:30:04'),
(367, 1, 60172, 3, '2026-06-19 16:14:33'),
(368, 1, 60250, 1, '2026-06-20 14:37:51'),
(369, 1, 60251, 1, '2026-06-20 14:37:52'),
(370, 1, 60253, 3, '2026-06-20 14:37:54'),
(371, 1, 60247, 1, '2026-06-20 14:41:28');
-- Migrated 163 completions

-- Update user point totals
UPDATE users SET points = 381 WHERE id = 1;
UPDATE users SET points = 66 WHERE id = 3;

-- ============================================
-- REWARDS (house 81 only)
-- ============================================
INSERT INTO rewards (id, house_id, title, price) VALUES
(618, 81, 'Выбрать фильм/сериал на вечер', 20),
(619, 81, '15 минут массажа спины/шеи', 30),
(620, 81, 'Ванна с пеной, свечами и напитком', 50),
(621, 81, 'Завтрак в постель', 70),
(622, 81, 'Массаж всего тела (30 минут)', 80),
(623, 81, 'Ничего не делаю 1 день', 100),
(624, 81, 'Домашний спа-вечер (маски/уход)', 120),
(625, 81, 'Ничего не делаю 2 дня', 150),
(626, 81, 'Неделя без готовки', 500),
(627, 81, 'Ничего не делаю 7 дней', 300);
-- Migrated 10 rewards

-- ============================================
-- PERSONAL TASKS (Shurik only, no house)
-- ============================================
INSERT INTO personal_tasks (user_id, text, date_execution, is_completed, category, recurrence, is_deleted) VALUES
(1, '🔄 База знаний по релокации', '2026-06-05', TRUE, 'inbox', NULL, FALSE),
(1, '🔄 Скачать приложения ставок, может есть фрибеты', '2026-06-05', TRUE, 'inbox', NULL, FALSE),
(1, '🔄 поменять почту в ставках на свою', '2026-06-05', TRUE, 'inbox', NULL, FALSE),
(1, '🟡 Отклики и ии поиск работы linkedin', '2026-06-08', TRUE, 'inbox', NULL, FALSE),
(1, '🟢 План по изучению языков', '2026-06-20', FALSE, 'inbox', NULL, FALSE),
(1, 'Сходить в магазин', '2026-06-06', TRUE, 'inbox', NULL, FALSE),
(1, 'Постричься', '2026-06-07', TRUE, 'inbox', NULL, FALSE),
(1, '🔄 База знаний по релокации', '2026-06-05', TRUE, 'inbox', NULL, FALSE),
(1, '❗️ Доделать бота по таскам', '2026-06-06', TRUE, 'inbox', NULL, FALSE),
(1, '❗️ сходить в магазин', '2026-06-06', TRUE, 'inbox', NULL, FALSE),
(1, '❗️ База знаний по релокации', '2026-06-06', TRUE, 'inbox', NULL, FALSE),
(1, '❗️ Доделать бота по таскам', '2026-06-06', TRUE, 'inbox', NULL, FALSE),
(1, 'Срочно разобраться с винлайном', '2026-06-08', TRUE, 'inbox', NULL, FALSE),
(1, '💧 Выпить 1 стакан теплой воды натощак', '2026-06-06', TRUE, 'routine', NULL, FALSE),
(1, '🤸‍♂️ 5 минут зарядки', '2026-06-06', TRUE, 'routine', NULL, FALSE),
(1, '🚶‍♂️ 30 минут прогулки', '2026-06-06', TRUE, 'routine', NULL, FALSE),
(1, '🐈 Поиграть с Бусей', '2026-06-06', TRUE, 'routine', NULL, FALSE),
(1, '📚 Изучение слов', '2026-06-06', TRUE, 'routine', NULL, FALSE),
(1, 'Заказать продукты', '2026-06-06', TRUE, 'inbox', NULL, FALSE),
(1, 'Настроить бота чтобы постоянно был активным', '2026-06-06', TRUE, 'inbox', NULL, FALSE),
(1, 'Таск трекер почистить задачи в архиве', '2026-06-06', TRUE, 'inbox', NULL, FALSE),
(1, 'Потестить аппы изучения слов', '2026-06-06', TRUE, 'inbox', NULL, FALSE),
(1, 'Тт чтобы кнопки всегда были включены', '2026-06-06', TRUE, 'inbox', NULL, FALSE),
(1, 'Таск трекер почистить задачи в архиве', '2026-06-06', TRUE, 'inbox', NULL, FALSE),
(1, '🔴 Покакать', '2026-06-06', TRUE, 'inbox', NULL, FALSE),
(1, '🟡 БЗ рело', '2026-06-08', TRUE, 'inbox', NULL, FALSE),
(1, '🟢 закзаать таблы', '2026-06-17', TRUE, 'inbox', NULL, FALSE),
(1, '🟢 Отнести айкос', '2026-06-21', FALSE, 'inbox', NULL, FALSE),
(1, '🟢 💧 Выпить 1 стакан теплой воды натощак', '2026-06-07', TRUE, 'routine', NULL, FALSE),
(1, '🟢 🤸‍♂️ 5 минут зарядки', '2026-06-07', TRUE, 'routine', NULL, FALSE),
(1, '🟢 🚶‍♂️ 30 минут прогулки', '2026-06-07', TRUE, 'routine', NULL, FALSE),
(1, '🟢 🐈 Поиграть с Бусей', '2026-06-07', TRUE, 'routine', NULL, FALSE),
(1, '🟢 Почистить велик', '2026-06-08', TRUE, 'inbox', NULL, FALSE),
(1, '🟡 заняться релокациец', '2026-06-13', TRUE, 'inbox', NULL, FALSE),
(1, '🟡 Материал по вакансиям', '2026-06-09', TRUE, 'inbox', NULL, FALSE),
(1, '🟡 интервью с ИИ', '2026-06-11', TRUE, 'inbox', NULL, FALSE),
(1, '🟢 Среда Ии linkedin hh', '2026-06-08', TRUE, 'inbox', NULL, FALSE),
(1, '🟢 В  Ии linkedin hh', '2026-06-21', FALSE, 'inbox', NULL, FALSE),
(1, '🟡 Написать продавцу проектора', '2026-06-10', TRUE, 'inbox', NULL, FALSE),
(1, '🟢 Пересадить цветок', '2026-06-08', TRUE, 'inbox', NULL, FALSE),
(1, '🟢 Разобрать вещи', '2026-06-08', TRUE, 'inbox', NULL, FALSE),
(1, '🟡 смотреть площадки во дворах', '2026-06-09', TRUE, 'inbox', NULL, FALSE),
(1, '🟢 Отключить про', '2026-06-19', TRUE, 'inbox', NULL, FALSE),
(1, '🟡 Как из бота в тг сделать ии', '2026-06-20', FALSE, 'inbox', NULL, FALSE),
(1, '🟢 План по трихологии', '2026-06-09', TRUE, 'inbox', NULL, FALSE),
(1, '🟢 💧 Выпить 1 стакан теплой воды натощак', '2026-06-09', TRUE, 'routine', NULL, FALSE),
(1, '🟢 🤸‍♂️ 5 минут зарядки', '2026-06-09', TRUE, 'routine', NULL, FALSE),
(1, '🟢 🚶‍♂️ 30 минут прогулки', '2026-06-09', TRUE, 'routine', NULL, FALSE),
(1, '🟢 🐈 Поиграть с Бусей', '2026-06-09', TRUE, 'routine', NULL, FALSE),
(1, '🟡 позвонить бабушке', '2026-06-10', TRUE, 'inbox', 'weekly', FALSE),
(1, '🟢 💧 Выпить 1 стакан теплой воды натощак', '2026-06-10', TRUE, 'routine', NULL, FALSE),
(1, '🟢 🤸‍♂️ 5 минут зарядки', '2026-06-10', TRUE, 'routine', NULL, FALSE),
(1, '🟢 🚶‍♂️ 30 минут прогулки', '2026-06-10', TRUE, 'routine', NULL, FALSE),
(1, '🟢 🐈 Поиграть с Бусей', '2026-06-10', TRUE, 'routine', NULL, FALSE),
(1, '🟢 план спорту', '2026-06-20', FALSE, 'inbox', NULL, FALSE),
(1, '🟢 попробовать антропик', '2026-06-11', TRUE, 'inbox', NULL, FALSE),
(1, '🟢 💧 Выпить 1 стакан теплой воды натощак', '2026-06-11', TRUE, 'routine', NULL, FALSE),
(1, '🟢 🚶‍♂️ 30 минут прогулки', '2026-06-11', TRUE, 'routine', NULL, FALSE),
(1, '🟢 🐈 Поиграть с Бусей', '2026-06-11', TRUE, 'routine', NULL, FALSE),
(1, '🟢 🤸‍♂️ 5 минут зарядки', '2026-06-11', TRUE, 'routine', NULL, FALSE),
(1, '🟢 Доделать резюме', '2026-06-11', TRUE, 'inbox', NULL, FALSE),
(1, '🟡 резюме авиасейлс', '2026-06-15', TRUE, 'inbox', NULL, FALSE),
(1, '🟢 Склад задач и интересных статей/рецепто', '2026-06-21', FALSE, 'inbox', NULL, FALSE),
(1, '🟢 📚 Изучение слов', '2026-06-11', TRUE, 'routine', NULL, FALSE),
(1, '🟢 Ии собеседование 1 цикл', '2026-06-21', FALSE, 'inbox', NULL, FALSE),
(1, '🟢 Внести правки ботов', '2026-06-13', TRUE, 'inbox', NULL, FALSE),
(1, '🟡 добавить вайб кодинг резюме', '2026-06-15', TRUE, 'inbox', NULL, FALSE),
(1, '🟢 💧 Выпить 1 стакан теплой воды натощак', '2026-06-12', TRUE, 'routine', NULL, FALSE),
(1, '🟢 🤸‍♂️ 5 минут зарядки', '2026-06-12', TRUE, 'routine', NULL, FALSE),
(1, '🟢 🚶‍♂️ 30 минут прогулки', '2026-06-12', TRUE, 'routine', NULL, FALSE),
(1, '🟢 🐈 Поиграть с Бусей', '2026-06-12', TRUE, 'routine', NULL, FALSE),
(1, '🟢 📚 Изучение слов', '2026-06-12', TRUE, 'routine', NULL, FALSE),
(1, '🟢 возврат проектора', '2026-06-22', FALSE, 'inbox', NULL, FALSE),
(1, '🟢 💧 Выпить 1 стакан теплой воды натощак', '2026-06-13', TRUE, 'routine', NULL, FALSE),
(1, '🟢 🤸‍♂️ 5 минут зарядки', '2026-06-13', TRUE, 'routine', NULL, FALSE),
(1, '🟢 🚶‍♂️ 30 минут прогулки', '2026-06-13', TRUE, 'routine', NULL, FALSE),
(1, '🟢 🐈 Поиграть с Бусей', '2026-06-13', TRUE, 'routine', NULL, FALSE),
(1, '🟢 📚 Изучение слов', '2026-06-13', TRUE, 'routine', NULL, FALSE),
(1, '🟢 заняться релокациец', '2026-06-22', FALSE, 'inbox', NULL, FALSE),
(1, '🟡 второй бот через антигравити', '2026-06-20', FALSE, 'inbox', NULL, FALSE),
(1, '🟢 💧 Выпить 1 стакан теплой воды натощак', '2026-06-14', TRUE, 'routine', NULL, FALSE),
(1, '🟢 🤸‍♂️ 5 минут зарядки', '2026-06-14', TRUE, 'routine', NULL, FALSE),
(1, '🟢 🚶‍♂️ 30 минут прогулки', '2026-06-14', TRUE, 'routine', NULL, FALSE),
(1, '🟢 🐈 Поиграть с Бусей', '2026-06-14', TRUE, 'routine', NULL, FALSE),
(1, '🟢 📚 Изучение слов', '2026-06-14', TRUE, 'routine', NULL, FALSE),
(1, '🟢 💧 Выпить 1 стакан теплой воды натощак', '2026-06-15', TRUE, 'routine', NULL, FALSE),
(1, '🟢 🤸‍♂️ 5 минут зарядки', '2026-06-15', TRUE, 'routine', NULL, FALSE),
(1, '🟢 🚶‍♂️ 30 минут прогулки', '2026-06-15', TRUE, 'routine', NULL, FALSE),
(1, '🟢 🐈 Поиграть с Бусей', '2026-06-15', TRUE, 'routine', NULL, FALSE),
(1, '🟢 📚 Изучение слов', '2026-06-15', TRUE, 'routine', NULL, FALSE),
(1, '🟢 💧 Выпить 1 стакан теплой воды натощак', '2026-06-16', TRUE, 'routine', NULL, FALSE),
(1, '🟢 🤸‍♂️ 5 минут зарядки', '2026-06-16', TRUE, 'routine', NULL, FALSE),
(1, '🟢 🚶‍♂️ 30 минут прогулки', '2026-06-16', TRUE, 'routine', NULL, FALSE),
(1, '🟢 🐈 Поиграть с Бусей', '2026-06-16', TRUE, 'routine', NULL, FALSE),
(1, '🟢 📚 Изучение слов', '2026-06-16', TRUE, 'routine', NULL, FALSE),
(1, '🟡 позвонить бабушке', '2026-06-17', TRUE, 'inbox', 'weekly', FALSE),
(1, '🟢 перенести интернет', '2026-06-22', FALSE, 'inbox', NULL, FALSE),
(1, '🟢 💧 Выпить 1 стакан теплой воды натощак', '2026-06-17', TRUE, 'routine', NULL, FALSE),
(1, '🟢 🤸‍♂️ 5 минут зарядки', '2026-06-17', TRUE, 'routine', NULL, FALSE),
(1, '🟢 🚶‍♂️ 30 минут прогулки', '2026-06-17', TRUE, 'routine', NULL, FALSE),
(1, '🟢 🐈 Поиграть с Бусей', '2026-06-17', TRUE, 'routine', NULL, FALSE),
(1, '🟢 📚 Изучение слов', '2026-06-17', TRUE, 'routine', NULL, FALSE),
(1, '🟢 💧 Выпить 1 стакан теплой воды натощак', '2026-06-18', TRUE, 'routine', NULL, FALSE),
(1, '🟢 🤸‍♂️ 5 минут зарядки', '2026-06-18', TRUE, 'routine', NULL, FALSE),
(1, '🟢 🚶‍♂️ 30 минут прогулки', '2026-06-18', TRUE, 'routine', NULL, FALSE),
(1, '🟢 🐈 Поиграть с Бусей', '2026-06-18', TRUE, 'routine', NULL, FALSE),
(1, '🟢 📚 Изучение слов', '2026-06-18', TRUE, 'routine', NULL, FALSE),
(1, '🟢 Перефоткать авито', '2026-06-20', FALSE, 'inbox', NULL, FALSE),
(1, '🟢 💧 Выпить 1 стакан теплой воды натощак', '2026-06-19', TRUE, 'routine', NULL, FALSE),
(1, '🟢 🤸‍♂️ 5 минут зарядки', '2026-06-19', TRUE, 'routine', NULL, FALSE),
(1, '🟢 🚶‍♂️ 30 минут прогулки', '2026-06-19', TRUE, 'routine', NULL, FALSE),
(1, '🟢 🐈 Поиграть с Бусей', '2026-06-19', TRUE, 'routine', NULL, FALSE),
(1, '🟢 📚 Изучение слов', '2026-06-19', TRUE, 'routine', NULL, FALSE),
(1, '🟢 Курс kaggle', '2026-06-20', FALSE, 'inbox', NULL, FALSE),
(1, '🟢 💧 Выпить 1 стакан теплой воды натощак', '2026-06-20', TRUE, 'routine', NULL, FALSE),
(1, '🟢 🤸‍♂️ 5 минут зарядки', '2026-06-20', TRUE, 'routine', NULL, FALSE),
(1, '🟢 🚶‍♂️ 30 минут прогулки', '2026-06-20', TRUE, 'routine', NULL, FALSE),
(1, '🟢 🐈 Поиграть с Бусей', '2026-06-20', TRUE, 'routine', NULL, FALSE),
(1, '🟢 📚 Изучение слов', '2026-06-20', TRUE, 'routine', NULL, FALSE),
(1, '🟢 Стрижка', '2026-06-21', FALSE, 'inbox', 'weekly', FALSE),
(1, '🟢 Звонок бабушке ам', '2026-06-23', FALSE, 'inbox', 'weekly', FALSE);
-- Migrated 121 personal tasks (user_id=1, no house)

-- ============================================
-- RESET SEQUENCES
-- ============================================
SELECT setval(pg_get_serial_sequence('houses', 'id'), COALESCE((SELECT MAX(id) FROM houses), 1));
SELECT setval(pg_get_serial_sequence('users', 'id'), COALESCE((SELECT MAX(id) FROM users), 1));
SELECT setval(pg_get_serial_sequence('personal_tasks', 'id'), COALESCE((SELECT MAX(id) FROM personal_tasks), 1));
SELECT setval(pg_get_serial_sequence('shopping_items', 'id'), COALESCE((SELECT MAX(id) FROM shopping_items), 1));
SELECT setval(pg_get_serial_sequence('task_templates', 'id'), COALESCE((SELECT MAX(id) FROM task_templates), 1));
SELECT setval(pg_get_serial_sequence('task_instances', 'id'), COALESCE((SELECT MAX(id) FROM task_instances), 1));
SELECT setval(pg_get_serial_sequence('completions', 'id'), COALESCE((SELECT MAX(id) FROM completions), 1));
SELECT setval(pg_get_serial_sequence('rewards', 'id'), COALESCE((SELECT MAX(id) FROM rewards), 1));
SELECT setval(pg_get_serial_sequence('reward_purchases', 'id'), COALESCE((SELECT MAX(id) FROM reward_purchases), 1));
SELECT setval(pg_get_serial_sequence('pending_actions', 'id'), COALESCE((SELECT MAX(id) FROM pending_actions), 1));